1	小花	2017-09-01	1	\N	2017-09-15 08:06:45	2017-09-15 08:06:45
2	大花	2017-08-31	2	\N	2017-09-15 08:12:29	2017-09-15 08:12:29
3	白手套	2017-09-01	4	\N	2017-09-15 08:21:11	2017-09-15 08:21:11
4	赛虎	2015-12-29	1	\N	2017-09-15 08:21:42	2017-09-15 08:21:42
5	加菲	2015-12-28	2	\N	2017-09-15 08:22:45	2017-09-15 08:22:45
6	黑白	2015-01-05	2	\N	2017-09-15 08:23:06	2017-09-15 08:23:06
7	咪咪	2016-03-15	2	\N	2017-09-15 08:23:30	2017-09-15 08:23:30
8	尖耳	2017-08-05	2	\N	2017-09-15 08:23:46	2017-09-15 08:23:46
9	热狗	2015-01-05	3	\N	2017-09-15 08:24:15	2017-09-15 08:24:15
10	迈克尔	2015-07-14	3	\N	2017-09-15 08:24:35	2017-09-15 08:24:35
11	漂移	2015-04-16	4	\N	2017-09-15 08:25:38	2017-09-15 08:25:38
12	胖胖	2014-02-06	2	\N	2017-09-15 08:25:54	2017-09-15 08:25:54
13	老K	2016-11-28	3	\N	2017-09-15 08:30:10	2017-09-15 08:30:10
14	白尾尖	2015-04-16	3	\N	2017-09-15 08:30:37	2017-09-15 08:30:37
